"","stand_core_depth_treat","germination_n_per_tray","stand","site","soilcore","depth_name","treatment","stand_core","stand_core_depth","nonnative_grass","native_shrub","subsample_g","seeds_per_g","seeds_per_g_log"
"1","DEG1_1_deep_charate",11,"degraded","DEG1","1","deep","charate","DEG1_1","DEG1_1_deep",0.959349593,0.325203252,506.94,0.0216988203732197,-3.83049738059444
"2","DEG1_1_deep_control",9,"degraded","DEG1","1","deep","control","DEG1_1","DEG1_1_deep",0.959349593,0.325203252,506.94,0.0177535803053616,-4.03116807605659
"3","DEG1_1_deep_oven",15,"degraded","DEG1","1","deep","oven","DEG1_1","DEG1_1_deep",0.959349593,0.325203252,506.94,0.029589300508936,-3.5203424522906
"4","DEG1_1_deep_ovenchar",6,"degraded","DEG1","1","deep","ovenchar","DEG1_1","DEG1_1_deep",0.959349593,0.325203252,506.94,0.0118357202035744,-4.43663318416475
"5","DEG1_1_surface_charate",9,"degraded","DEG1","1","surface","charate","DEG1_1","DEG1_1_surface",0.959349593,0.325203252,506.94,0.0177535803053616,-4.03116807605659
"6","DEG1_1_surface_control",8,"degraded","DEG1","1","surface","control","DEG1_1","DEG1_1_surface",0.959349593,0.325203252,506.94,0.0157809602714325,-4.14895111171297
"7","DEG1_1_surface_oven",4,"degraded","DEG1","1","surface","oven","DEG1_1","DEG1_1_surface",0.959349593,0.325203252,506.94,0.00789048013571626,-4.84209829227292
"8","DEG1_1_surface_ovenchar",13,"degraded","DEG1","1","surface","ovenchar","DEG1_1","DEG1_1_surface",0.959349593,0.325203252,506.94,0.0256440604410778,-3.66344329593127
"9","DEG1_2_deep_charate",5,"degraded","DEG1","2","deep","charate","DEG1_2","DEG1_2_deep",0.959349593,0.325203252,506.94,0.00986310016964532,-4.61895474095871
"10","DEG1_2_deep_control",8,"degraded","DEG1","2","deep","control","DEG1_2","DEG1_2_deep",0.959349593,0.325203252,506.94,0.0157809602714325,-4.14895111171297
"11","DEG1_2_deep_oven",3,"degraded","DEG1","2","deep","oven","DEG1_2","DEG1_2_deep",0.959349593,0.325203252,506.94,0.00591786010178719,-5.1297803647247
"12","DEG1_2_deep_ovenchar",5,"degraded","DEG1","2","deep","ovenchar","DEG1_2","DEG1_2_deep",0.959349593,0.325203252,506.94,0.00986310016964532,-4.61895474095871
"13","DEG1_2_surface_charate",8,"degraded","DEG1","2","surface","charate","DEG1_2","DEG1_2_surface",0.959349593,0.325203252,506.94,0.0157809602714325,-4.14895111171297
"14","DEG1_2_surface_control",5,"degraded","DEG1","2","surface","control","DEG1_2","DEG1_2_surface",0.959349593,0.325203252,506.94,0.00986310016964532,-4.61895474095871
"15","DEG1_2_surface_oven",10,"degraded","DEG1","2","surface","oven","DEG1_2","DEG1_2_surface",0.959349593,0.325203252,506.94,0.0197262003392906,-3.92580756039876
"16","DEG1_2_surface_ovenchar",11,"degraded","DEG1","2","surface","ovenchar","DEG1_2","DEG1_2_surface",0.959349593,0.325203252,506.94,0.0216988203732197,-3.83049738059444
"17","DEG1_3_deep_charate",3,"degraded","DEG1","3","deep","charate","DEG1_3","DEG1_3_deep",0.959349593,0.325203252,506.94,0.00591786010178719,-5.1297803647247
"18","DEG1_3_deep_control",3,"degraded","DEG1","3","deep","control","DEG1_3","DEG1_3_deep",0.959349593,0.325203252,506.94,0.00591786010178719,-5.1297803647247
"19","DEG1_3_deep_oven",8,"degraded","DEG1","3","deep","oven","DEG1_3","DEG1_3_deep",0.959349593,0.325203252,506.94,0.0157809602714325,-4.14895111171297
"20","DEG1_3_deep_ovenchar",4,"degraded","DEG1","3","deep","ovenchar","DEG1_3","DEG1_3_deep",0.959349593,0.325203252,506.94,0.00789048013571626,-4.84209829227292
"21","DEG1_3_surface_charate",3,"degraded","DEG1","3","surface","charate","DEG1_3","DEG1_3_surface",0.959349593,0.325203252,506.94,0.00591786010178719,-5.1297803647247
"22","DEG1_3_surface_control",10,"degraded","DEG1","3","surface","control","DEG1_3","DEG1_3_surface",0.959349593,0.325203252,506.94,0.0197262003392906,-3.92580756039876
"23","DEG1_3_surface_oven",4,"degraded","DEG1","3","surface","oven","DEG1_3","DEG1_3_surface",0.959349593,0.325203252,506.94,0.00789048013571626,-4.84209829227292
"24","DEG1_3_surface_ovenchar",15,"degraded","DEG1","3","surface","ovenchar","DEG1_3","DEG1_3_surface",0.959349593,0.325203252,506.94,0.029589300508936,-3.5203424522906
"25","DEG1_4_deep_charate",4,"degraded","DEG1","4","deep","charate","DEG1_4","DEG1_4_deep",0.959349593,0.325203252,506.94,0.00789048013571626,-4.84209829227292
"26","DEG1_4_deep_control",4,"degraded","DEG1","4","deep","control","DEG1_4","DEG1_4_deep",0.959349593,0.325203252,506.94,0.00789048013571626,-4.84209829227292
"27","DEG1_4_deep_oven",7,"degraded","DEG1","4","deep","oven","DEG1_4","DEG1_4_deep",0.959349593,0.325203252,506.94,0.0138083402375035,-4.2824825043375
"28","DEG1_4_deep_ovenchar",4,"degraded","DEG1","4","deep","ovenchar","DEG1_4","DEG1_4_deep",0.959349593,0.325203252,506.94,0.00789048013571626,-4.84209829227292
"29","DEG1_4_surface_charate",11,"degraded","DEG1","4","surface","charate","DEG1_4","DEG1_4_surface",0.959349593,0.325203252,506.94,0.0216988203732197,-3.83049738059444
"30","DEG1_4_surface_control",14,"degraded","DEG1","4","surface","control","DEG1_4","DEG1_4_surface",0.959349593,0.325203252,506.94,0.0276166804750069,-3.58933532377755
"31","DEG1_4_surface_oven",11,"degraded","DEG1","4","surface","oven","DEG1_4","DEG1_4_surface",0.959349593,0.325203252,506.94,0.0216988203732197,-3.83049738059444
"32","DEG1_4_surface_ovenchar",13,"degraded","DEG1","4","surface","ovenchar","DEG1_4","DEG1_4_surface",0.959349593,0.325203252,506.94,0.0256440604410778,-3.66344329593127
"33","DEG2_5_deep_charate",9,"degraded","DEG2","5","deep","charate","DEG2_5","DEG2_5_deep",0.951219512,0.219512195,506.94,0.0177535803053616,-4.03116807605659
"34","DEG2_5_deep_control",10,"degraded","DEG2","5","deep","control","DEG2_5","DEG2_5_deep",0.951219512,0.219512195,506.94,0.0197262003392906,-3.92580756039876
"35","DEG2_5_deep_oven",16,"degraded","DEG2","5","deep","oven","DEG2_5","DEG2_5_deep",0.951219512,0.219512195,506.94,0.031561920542865,-3.45580393115303
"36","DEG2_5_deep_ovenchar",11,"degraded","DEG2","5","deep","ovenchar","DEG2_5","DEG2_5_deep",0.951219512,0.219512195,506.94,0.0216988203732197,-3.83049738059444
"37","DEG2_5_surface_charate",9,"degraded","DEG2","5","surface","charate","DEG2_5","DEG2_5_surface",0.951219512,0.219512195,506.94,0.0177535803053616,-4.03116807605659
"38","DEG2_5_surface_control",7,"degraded","DEG2","5","surface","control","DEG2_5","DEG2_5_surface",0.951219512,0.219512195,506.94,0.0138083402375035,-4.2824825043375
"39","DEG2_5_surface_oven",14,"degraded","DEG2","5","surface","oven","DEG2_5","DEG2_5_surface",0.951219512,0.219512195,506.94,0.0276166804750069,-3.58933532377755
"40","DEG2_5_surface_ovenchar",9,"degraded","DEG2","5","surface","ovenchar","DEG2_5","DEG2_5_surface",0.951219512,0.219512195,506.94,0.0177535803053616,-4.03116807605659
"41","DEG2_6_deep_charate",2,"degraded","DEG2","6","deep","charate","DEG2_6","DEG2_6_deep",0.951219512,0.219512195,506.94,0.00394524006785813,-5.53524547283286
"42","DEG2_6_deep_control",3,"degraded","DEG2","6","deep","control","DEG2_6","DEG2_6_deep",0.951219512,0.219512195,506.94,0.00591786010178719,-5.1297803647247
"43","DEG2_6_deep_oven",6,"degraded","DEG2","6","deep","oven","DEG2_6","DEG2_6_deep",0.951219512,0.219512195,506.94,0.0118357202035744,-4.43663318416475
"44","DEG2_6_deep_ovenchar",13,"degraded","DEG2","6","deep","ovenchar","DEG2_6","DEG2_6_deep",0.951219512,0.219512195,506.94,0.0256440604410778,-3.66344329593127
"45","DEG2_6_surface_charate",3,"degraded","DEG2","6","surface","charate","DEG2_6","DEG2_6_surface",0.951219512,0.219512195,506.94,0.00591786010178719,-5.1297803647247
"46","DEG2_6_surface_control",3,"degraded","DEG2","6","surface","control","DEG2_6","DEG2_6_surface",0.951219512,0.219512195,506.94,0.00591786010178719,-5.1297803647247
"47","DEG2_6_surface_oven",6,"degraded","DEG2","6","surface","oven","DEG2_6","DEG2_6_surface",0.951219512,0.219512195,506.94,0.0118357202035744,-4.43663318416475
"48","DEG2_6_surface_ovenchar",3,"degraded","DEG2","6","surface","ovenchar","DEG2_6","DEG2_6_surface",0.951219512,0.219512195,506.94,0.00591786010178719,-5.1297803647247
"49","DEG2_7_deep_charate",2,"degraded","DEG2","7","deep","charate","DEG2_7","DEG2_7_deep",0.951219512,0.219512195,506.94,0.00394524006785813,-5.53524547283286
"50","DEG2_7_deep_control",3,"degraded","DEG2","7","deep","control","DEG2_7","DEG2_7_deep",0.951219512,0.219512195,506.94,0.00591786010178719,-5.1297803647247
"51","DEG2_7_deep_oven",2,"degraded","DEG2","7","deep","oven","DEG2_7","DEG2_7_deep",0.951219512,0.219512195,506.94,0.00394524006785813,-5.53524547283286
"52","DEG2_7_deep_ovenchar",3,"degraded","DEG2","7","deep","ovenchar","DEG2_7","DEG2_7_deep",0.951219512,0.219512195,506.94,0.00591786010178719,-5.1297803647247
"53","DEG2_7_surface_charate",2,"degraded","DEG2","7","surface","charate","DEG2_7","DEG2_7_surface",0.951219512,0.219512195,506.94,0.00394524006785813,-5.53524547283286
"54","DEG2_7_surface_control",1,"degraded","DEG2","7","surface","control","DEG2_7","DEG2_7_surface",0.951219512,0.219512195,506.94,0.00197262003392906,-6.22839265339281
"55","DEG2_7_surface_oven",4,"degraded","DEG2","7","surface","oven","DEG2_7","DEG2_7_surface",0.951219512,0.219512195,506.94,0.00789048013571626,-4.84209829227292
"56","DEG2_7_surface_ovenchar",7,"degraded","DEG2","7","surface","ovenchar","DEG2_7","DEG2_7_surface",0.951219512,0.219512195,506.94,0.0138083402375035,-4.2824825043375
"57","ENH1_1_deep_charate",9,"enhanced","ENH1","1","deep","charate","ENH1_1","ENH1_1_deep",0.62601626,0.642276423,347,0.0259365994236311,-3.65210020261064
"58","ENH1_1_deep_control",11,"enhanced","ENH1","1","deep","control","ENH1_1","ENH1_1_deep",0.62601626,0.642276423,347,0.031700288184438,-3.45142950714849
"59","ENH1_1_deep_oven",11,"enhanced","ENH1","1","deep","oven","ENH1_1","ENH1_1_deep",0.62601626,0.642276423,347,0.031700288184438,-3.45142950714849
"60","ENH1_1_deep_ovenchar",11,"enhanced","ENH1","1","deep","ovenchar","ENH1_1","ENH1_1_deep",0.62601626,0.642276423,347,0.031700288184438,-3.45142950714849
"61","ENH1_1_surface_charate",42,"enhanced","ENH1","1","surface","charate","ENH1_1","ENH1_1_surface",0.62601626,0.642276423,347,0.121037463976945,-2.11165516166349
"62","ENH1_1_surface_control",53,"enhanced","ENH1","1","surface","control","ENH1_1","ENH1_1_surface",0.62601626,0.642276423,347,0.152737752161383,-1.87903286639474
"63","ENH1_1_surface_oven",48,"enhanced","ENH1","1","surface","oven","ENH1_1","ENH1_1_surface",0.62601626,0.642276423,347,0.138328530259366,-1.97812376903897
"64","ENH1_1_surface_ovenchar",95,"enhanced","ENH1","1","surface","ovenchar","ENH1_1","ENH1_1_surface",0.62601626,0.642276423,347,0.273775216138329,-1.29544788834632
"65","ENH1_2_deep_charate",8,"enhanced","ENH1","2","deep","charate","ENH1_2","ENH1_2_deep",0.62601626,0.642276423,347,0.0230547550432277,-3.76988323826702
"66","ENH1_2_deep_control",10,"enhanced","ENH1","2","deep","control","ENH1_2","ENH1_2_deep",0.62601626,0.642276423,347,0.0288184438040346,-3.54673968695281
"67","ENH1_2_deep_oven",8,"enhanced","ENH1","2","deep","oven","ENH1_2","ENH1_2_deep",0.62601626,0.642276423,347,0.0230547550432277,-3.76988323826702
"68","ENH1_2_deep_ovenchar",21,"enhanced","ENH1","2","deep","ovenchar","ENH1_2","ENH1_2_deep",0.62601626,0.642276423,347,0.0605187319884726,-2.80480234222344
"69","ENH1_2_surface_charate",39,"enhanced","ENH1","2","surface","charate","ENH1_2","ENH1_2_surface",0.62601626,0.642276423,347,0.112391930835735,-2.18576313381721
"70","ENH1_2_surface_control",54,"enhanced","ENH1","2","surface","control","ENH1_2","ENH1_2_surface",0.62601626,0.642276423,347,0.155619596541787,-1.86034073338258
"71","ENH1_2_surface_oven",34,"enhanced","ENH1","2","surface","oven","ENH1_2","ENH1_2_surface",0.62601626,0.642276423,347,0.0979827089337176,-2.3229642553307
"72","ENH1_2_surface_ovenchar",53,"enhanced","ENH1","2","surface","ovenchar","ENH1_2","ENH1_2_surface",0.62601626,0.642276423,347,0.152737752161383,-1.87903286639474
"73","ENH1_3_deep_charate",7,"enhanced","ENH1","3","deep","charate","ENH1_3","ENH1_3_deep",0.62601626,0.642276423,347,0.0201729106628242,-3.90341463089155
"74","ENH1_3_deep_control",8,"enhanced","ENH1","3","deep","control","ENH1_3","ENH1_3_deep",0.62601626,0.642276423,347,0.0230547550432277,-3.76988323826702
"75","ENH1_3_deep_oven",8,"enhanced","ENH1","3","deep","oven","ENH1_3","ENH1_3_deep",0.62601626,0.642276423,347,0.0230547550432277,-3.76988323826702
"76","ENH1_3_deep_ovenchar",4,"enhanced","ENH1","3","deep","ovenchar","ENH1_3","ENH1_3_deep",0.62601626,0.642276423,347,0.0115273775216138,-4.46303041882697
"77","ENH1_3_surface_charate",28,"enhanced","ENH1","3","surface","charate","ENH1_3","ENH1_3_surface",0.62601626,0.642276423,347,0.0806916426512968,-2.51712026977166
"78","ENH1_3_surface_control",36,"enhanced","ENH1","3","surface","control","ENH1_3","ENH1_3_surface",0.62601626,0.642276423,347,0.103746397694524,-2.26580584149075
"79","ENH1_3_surface_oven",27,"enhanced","ENH1","3","surface","oven","ENH1_3","ENH1_3_surface",0.62601626,0.642276423,347,0.0778097982708934,-2.55348791394253
"80","ENH1_3_surface_ovenchar",51,"enhanced","ENH1","3","surface","ovenchar","ENH1_3","ENH1_3_surface",0.62601626,0.642276423,347,0.146974063400576,-1.91749914722253
"81","ENH1_4_deep_charate",6,"enhanced","ENH1","4","deep","charate","ENH1_4","ENH1_4_deep",0.62601626,0.642276423,347,0.0172910662824208,-4.0575653107188
"82","ENH1_4_deep_control",8,"enhanced","ENH1","4","deep","control","ENH1_4","ENH1_4_deep",0.62601626,0.642276423,347,0.0230547550432277,-3.76988323826702
"83","ENH1_4_deep_oven",8,"enhanced","ENH1","4","deep","oven","ENH1_4","ENH1_4_deep",0.62601626,0.642276423,347,0.0230547550432277,-3.76988323826702
"84","ENH1_4_deep_ovenchar",6,"enhanced","ENH1","4","deep","ovenchar","ENH1_4","ENH1_4_deep",0.62601626,0.642276423,347,0.0172910662824208,-4.0575653107188
"85","ENH1_4_surface_charate",32,"enhanced","ENH1","4","surface","charate","ENH1_4","ENH1_4_surface",0.62601626,0.642276423,347,0.0922190201729107,-2.38358887714713
"86","ENH1_4_surface_control",32,"enhanced","ENH1","4","surface","control","ENH1_4","ENH1_4_surface",0.62601626,0.642276423,347,0.0922190201729107,-2.38358887714713
"87","ENH1_4_surface_oven",37,"enhanced","ENH1","4","surface","oven","ENH1_4","ENH1_4_surface",0.62601626,0.642276423,347,0.106628242074928,-2.23840686730263
"88","ENH1_4_surface_ovenchar",40,"enhanced","ENH1","4","surface","ovenchar","ENH1_4","ENH1_4_surface",0.62601626,0.642276423,347,0.115273775216138,-2.16044532583292
"89","ENH1_5_deep_charate",5,"enhanced","ENH1","5","deep","charate","ENH1_5","ENH1_5_deep",0.62601626,0.642276423,347,0.0144092219020173,-4.23988686751276
"90","ENH1_5_deep_control",4,"enhanced","ENH1","5","deep","control","ENH1_5","ENH1_5_deep",0.62601626,0.642276423,347,0.0115273775216138,-4.46303041882697
"91","ENH1_5_deep_ovenchar",5,"enhanced","ENH1","5","deep","ovenchar","ENH1_5","ENH1_5_deep",0.62601626,0.642276423,347,0.0144092219020173,-4.23988686751276
"92","ENH1_5_surface_charate",24,"enhanced","ENH1","5","surface","charate","ENH1_5","ENH1_5_surface",0.62601626,0.642276423,347,0.069164265129683,-2.67127094959891
"93","ENH1_5_surface_control",19,"enhanced","ENH1","5","surface","control","ENH1_5","ENH1_5_surface",0.62601626,0.642276423,347,0.0547550432276657,-2.90488580078042
"94","ENH1_5_surface_oven",28,"enhanced","ENH1","5","surface","oven","ENH1_5","ENH1_5_surface",0.62601626,0.642276423,347,0.0806916426512968,-2.51712026977166
"95","ENH1_5_surface_ovenchar",33,"enhanced","ENH1","5","surface","ovenchar","ENH1_5","ENH1_5_surface",0.62601626,0.642276423,347,0.0951008645533141,-2.35281721848038
"96","ENH2_10_deep_charate",4,"enhanced","ENH2","10","deep","charate","ENH2_10","ENH2_10_deep",0.845528455,0.390243902,347,0.0115273775216138,-4.46303041882697
"97","ENH2_10_deep_control",2,"enhanced","ENH2","10","deep","control","ENH2_10","ENH2_10_deep",0.845528455,0.390243902,347,0.00576368876080692,-5.15617759938691
"98","ENH2_10_deep_oven",7,"enhanced","ENH2","10","deep","oven","ENH2_10","ENH2_10_deep",0.845528455,0.390243902,347,0.0201729106628242,-3.90341463089155
"99","ENH2_10_deep_ovenchar",9,"enhanced","ENH2","10","deep","ovenchar","ENH2_10","ENH2_10_deep",0.845528455,0.390243902,347,0.0259365994236311,-3.65210020261064
"100","ENH2_10_surface_charate",56,"enhanced","ENH2","10","surface","charate","ENH2_10","ENH2_10_surface",0.845528455,0.390243902,347,0.161383285302594,-1.82397308921171
"101","ENH2_10_surface_control",82,"enhanced","ENH2","10","surface","control","ENH2_10","ENH2_10_surface",0.845528455,0.390243902,347,0.236311239193084,-1.44260553268261
"102","ENH2_10_surface_oven",103,"enhanced","ENH2","10","surface","oven","ENH2_10","ENH2_10_surface",0.845528455,0.390243902,347,0.296829971181556,-1.21459579171722
"103","ENH2_10_surface_ovenchar",117,"enhanced","ENH2","10","surface","ovenchar","ENH2_10","ENH2_10_surface",0.845528455,0.390243902,347,0.337175792507205,-1.0871508451491
"104","ENH2_6_deep_charate",1,"enhanced","ENH2","6","deep","charate","ENH2_6","ENH2_6_deep",0.845528455,0.390243902,347,0.00288184438040346,-5.84932477994686
"105","ENH2_6_deep_control",5,"enhanced","ENH2","6","deep","control","ENH2_6","ENH2_6_deep",0.845528455,0.390243902,347,0.0144092219020173,-4.23988686751276
"106","ENH2_6_deep_oven",4,"enhanced","ENH2","6","deep","oven","ENH2_6","ENH2_6_deep",0.845528455,0.390243902,347,0.0115273775216138,-4.46303041882697
"107","ENH2_6_deep_ovenchar",3,"enhanced","ENH2","6","deep","ovenchar","ENH2_6","ENH2_6_deep",0.845528455,0.390243902,347,0.00864553314121038,-4.75071249127875
"108","ENH2_6_surface_charate",20,"enhanced","ENH2","6","surface","charate","ENH2_6","ENH2_6_surface",0.845528455,0.390243902,347,0.0576368876080692,-2.85359250639287
"109","ENH2_6_surface_control",25,"enhanced","ENH2","6","surface","control","ENH2_6","ENH2_6_surface",0.845528455,0.390243902,347,0.0720461095100865,-2.63044895507866
"110","ENH2_6_surface_oven",31,"enhanced","ENH2","6","surface","oven","ENH2_6","ENH2_6_surface",0.845528455,0.390243902,347,0.0893371757925072,-2.41533757546171
"111","ENH2_6_surface_ovenchar",37,"enhanced","ENH2","6","surface","ovenchar","ENH2_6","ENH2_6_surface",0.845528455,0.390243902,347,0.106628242074928,-2.23840686730263
"112","ENH2_7_deep_charate",2,"enhanced","ENH2","7","deep","charate","ENH2_7","ENH2_7_deep",0.845528455,0.390243902,347,0.00576368876080692,-5.15617759938691
"113","ENH2_7_deep_control",10,"enhanced","ENH2","7","deep","control","ENH2_7","ENH2_7_deep",0.845528455,0.390243902,347,0.0288184438040346,-3.54673968695281
"114","ENH2_7_deep_oven",11,"enhanced","ENH2","7","deep","oven","ENH2_7","ENH2_7_deep",0.845528455,0.390243902,347,0.031700288184438,-3.45142950714849
"115","ENH2_7_deep_ovenchar",10,"enhanced","ENH2","7","deep","ovenchar","ENH2_7","ENH2_7_deep",0.845528455,0.390243902,347,0.0288184438040346,-3.54673968695281
"116","ENH2_7_surface_charate",144,"enhanced","ENH2","7","surface","charate","ENH2_7","ENH2_7_surface",0.845528455,0.390243902,347,0.414985590778098,-0.879511480370859
"117","ENH2_7_surface_control",137,"enhanced","ENH2","7","surface","control","ENH2_7","ENH2_7_surface",0.845528455,0.390243902,347,0.394812680115274,-0.929343854118734
"118","ENH2_7_surface_oven",140,"enhanced","ENH2","7","surface","oven","ENH2_7","ENH2_7_surface",0.845528455,0.390243902,347,0.403458213256484,-0.907682357337555
"119","ENH2_7_surface_ovenchar",126,"enhanced","ENH2","7","surface","ovenchar","ENH2_7","ENH2_7_surface",0.845528455,0.390243902,347,0.363112391930836,-1.01304287299538
"120","ENH2_8_deep_charate",3,"enhanced","ENH2","8","deep","charate","ENH2_8","ENH2_8_deep",0.845528455,0.390243902,347,0.00864553314121038,-4.75071249127875
"121","ENH2_8_deep_control",1,"enhanced","ENH2","8","deep","control","ENH2_8","ENH2_8_deep",0.845528455,0.390243902,347,0.00288184438040346,-5.84932477994686
"122","ENH2_8_deep_oven",10,"enhanced","ENH2","8","deep","oven","ENH2_8","ENH2_8_deep",0.845528455,0.390243902,347,0.0288184438040346,-3.54673968695281
"123","ENH2_8_deep_ovenchar",3,"enhanced","ENH2","8","deep","ovenchar","ENH2_8","ENH2_8_deep",0.845528455,0.390243902,347,0.00864553314121038,-4.75071249127875
"124","ENH2_8_surface_oven",17,"enhanced","ENH2","8","surface","oven","ENH2_8","ENH2_8_surface",0.845528455,0.390243902,320,0.053125,-2.93510765173756
"125","ENH2_8_surface_ovenchar",6,"enhanced","ENH2","8","surface","ovenchar","ENH2_8","ENH2_8_surface",0.845528455,0.390243902,320,0.01875,-3.97656152656572
"126","ENH2_9_deep_charate",10,"enhanced","ENH2","9","deep","charate","ENH2_9","ENH2_9_deep",0.845528455,0.390243902,347,0.0288184438040346,-3.54673968695281
"127","ENH2_9_deep_control",7,"enhanced","ENH2","9","deep","control","ENH2_9","ENH2_9_deep",0.845528455,0.390243902,347,0.0201729106628242,-3.90341463089155
"128","ENH2_9_deep_oven",6,"enhanced","ENH2","9","deep","oven","ENH2_9","ENH2_9_deep",0.845528455,0.390243902,347,0.0172910662824208,-4.0575653107188
"129","ENH2_9_deep_ovenchar",6,"enhanced","ENH2","9","deep","ovenchar","ENH2_9","ENH2_9_deep",0.845528455,0.390243902,347,0.0172910662824208,-4.0575653107188
"130","ENH2_9_surface_charate",86,"enhanced","ENH2","9","surface","charate","ENH2_9","ENH2_9_surface",0.845528455,0.390243902,347,0.247838616714697,-1.39497748369335
"131","ENH2_9_surface_control",181,"enhanced","ENH2","9","surface","control","ENH2_9","ENH2_9_surface",0.845528455,0.390243902,347,0.521613832853026,-0.650827748681033
"132","ENH2_9_surface_oven",155,"enhanced","ENH2","9","surface","oven","ENH2_9","ENH2_9_surface",0.845528455,0.390243902,347,0.446685878962536,-0.805899663027613
"133","ENH2_9_surface_ovenchar",117,"enhanced","ENH2","9","surface","ovenchar","ENH2_9","ENH2_9_surface",0.845528455,0.390243902,347,0.337175792507205,-1.0871508451491
"134","INT1_1_deep_charate",6,"intact","INT1","1","deep","charate","INT1_1","INT1_1_deep",0.243902439,0.707317073,371.875,0.0161344537815126,-4.12679830707184
"135","INT1_1_deep_control",1,"intact","INT1","1","deep","control","INT1_1","INT1_1_deep",0.243902439,0.707317073,371.875,0.0026890756302521,-5.9185577762999
"136","INT1_1_deep_oven",5,"intact","INT1","1","deep","oven","INT1_1","INT1_1_deep",0.243902439,0.707317073,371.875,0.0134453781512605,-4.30911986386579
"137","INT1_1_deep_ovenchar",6,"intact","INT1","1","deep","ovenchar","INT1_1","INT1_1_deep",0.243902439,0.707317073,371.875,0.0161344537815126,-4.12679830707184
"138","INT1_1_surface_charate",12,"intact","INT1","1","surface","charate","INT1_1","INT1_1_surface",0.243902439,0.707317073,164.0625,0.0731428571428571,-2.61534080299794
"139","INT1_1_surface_control",9,"intact","INT1","1","surface","control","INT1_1","INT1_1_surface",0.243902439,0.707317073,164.0625,0.0548571428571429,-2.90302287544972
"140","INT1_1_surface_oven",14,"intact","INT1","1","surface","oven","INT1_1","INT1_1_surface",0.243902439,0.707317073,164.0625,0.0853333333333333,-2.46119012317068
"141","INT1_1_surface_ovenchar",15,"intact","INT1","1","surface","ovenchar","INT1_1","INT1_1_surface",0.243902439,0.707317073,164.0625,0.0914285714285714,-2.39219725168373
"142","INT1_2_deep_charate",10,"intact","INT1","2","deep","charate","INT1_2","INT1_2_deep",0.243902439,0.707317073,371.875,0.026890756302521,-3.61597268330585
"143","INT1_2_deep_control",7,"intact","INT1","2","deep","control","INT1_2","INT1_2_deep",0.243902439,0.707317073,371.875,0.0188235294117647,-3.97264762724458
"144","INT1_2_deep_oven",8,"intact","INT1","2","deep","oven","INT1_2","INT1_2_deep",0.243902439,0.707317073,371.875,0.0215126050420168,-3.83911623462006
"145","INT1_2_deep_ovenchar",7,"intact","INT1","2","deep","ovenchar","INT1_2","INT1_2_deep",0.243902439,0.707317073,371.875,0.0188235294117647,-3.97264762724458
"146","INT1_2_surface_charate",15,"intact","INT1","2","surface","charate","INT1_2","INT1_2_surface",0.243902439,0.707317073,218.75,0.0685714285714286,-2.67987932413551
"147","INT1_2_surface_control",17,"intact","INT1","2","surface","control","INT1_2","INT1_2_surface",0.243902439,0.707317073,218.75,0.0777142857142857,-2.55471618118151
"148","INT1_2_surface_oven",21,"intact","INT1","2","surface","oven","INT1_2","INT1_2_surface",0.243902439,0.707317073,218.75,0.096,-2.3434070875143
"149","INT1_2_surface_ovenchar",13,"intact","INT1","2","surface","ovenchar","INT1_2","INT1_2_surface",0.243902439,0.707317073,218.75,0.0594285714285714,-2.82298016777619
"150","INT1_3_deep_charate",5,"intact","INT1","3","deep","charate","INT1_3","INT1_3_deep",0.243902439,0.707317073,371.875,0.0134453781512605,-4.30911986386579
"151","INT1_3_deep_control",6,"intact","INT1","3","deep","control","INT1_3","INT1_3_deep",0.243902439,0.707317073,371.875,0.0161344537815126,-4.12679830707184
"152","INT1_3_deep_oven",10,"intact","INT1","3","deep","oven","INT1_3","INT1_3_deep",0.243902439,0.707317073,371.875,0.026890756302521,-3.61597268330585
"153","INT1_3_deep_ovenchar",13,"intact","INT1","3","deep","ovenchar","INT1_3","INT1_3_deep",0.243902439,0.707317073,371.875,0.0349579831932773,-3.35360841883836
"154","INT1_3_surface_charate",17,"intact","INT1","3","surface","charate","INT1_3","INT1_3_surface",0.243902439,0.707317073,218.75,0.0777142857142857,-2.55471618118151
"155","INT1_3_surface_control",7,"intact","INT1","3","surface","control","INT1_3","INT1_3_surface",0.243902439,0.707317073,218.75,0.032,-3.44201937618241
"156","INT1_3_surface_oven",9,"intact","INT1","3","surface","oven","INT1_3","INT1_3_surface",0.243902439,0.707317073,218.75,0.0411428571428571,-3.1907049479015
"157","INT1_3_surface_ovenchar",7,"intact","INT1","3","surface","ovenchar","INT1_3","INT1_3_surface",0.243902439,0.707317073,218.75,0.032,-3.44201937618241
"158","INT2_4_deep_charate",12,"intact","INT2","4","deep","charate","INT2_4","INT2_4_deep",0.073170732,0.707317073,371.875,0.0322689075630252,-3.43365112651189
"159","INT2_4_deep_control",9,"intact","INT2","4","deep","control","INT2_4","INT2_4_deep",0.073170732,0.707317073,371.875,0.0242016806722689,-3.72133319896367
"160","INT2_4_deep_oven",17,"intact","INT2","4","deep","oven","INT2_4","INT2_4_deep",0.073170732,0.707317073,371.875,0.0457142857142857,-3.08534443224368
"161","INT2_4_deep_ovenchar",7,"intact","INT2","4","deep","ovenchar","INT2_4","INT2_4_deep",0.073170732,0.707317073,371.875,0.0188235294117647,-3.97264762724458
"162","INT2_4_surface_charate",28,"intact","INT2","4","surface","charate","INT2_4","INT2_4_surface",0.073170732,0.707317073,218.75,0.128,-2.05572501506252
"163","INT2_4_surface_control",18,"intact","INT2","4","surface","control","INT2_4","INT2_4_surface",0.073170732,0.707317073,218.75,0.0822857142857143,-2.49755776734156
"164","INT2_4_surface_oven",25,"intact","INT2","4","surface","oven","INT2_4","INT2_4_surface",0.073170732,0.707317073,218.75,0.114285714285714,-2.16905370036952
"165","INT2_4_surface_ovenchar",24,"intact","INT2","4","surface","ovenchar","INT2_4","INT2_4_surface",0.073170732,0.707317073,218.75,0.109714285714286,-2.20987569488978
"166","INT2_5_deep_charate",9,"intact","INT2","5","deep","charate","INT2_5","INT2_5_deep",0.073170732,0.707317073,371.875,0.0242016806722689,-3.72133319896367
"167","INT2_5_deep_control",11,"intact","INT2","5","deep","control","INT2_5","INT2_5_deep",0.073170732,0.707317073,371.875,0.0295798319327731,-3.52066250350152
"168","INT2_5_deep_oven",9,"intact","INT2","5","deep","oven","INT2_5","INT2_5_deep",0.073170732,0.707317073,371.875,0.0242016806722689,-3.72133319896367
"169","INT2_5_deep_ovenchar",5,"intact","INT2","5","deep","ovenchar","INT2_5","INT2_5_deep",0.073170732,0.707317073,371.875,0.0134453781512605,-4.30911986386579
"170","INT2_5_surface_charate",20,"intact","INT2","5","surface","charate","INT2_5","INT2_5_surface",0.073170732,0.707317073,164.0625,0.121904761904762,-2.10451517923195
"171","INT2_5_surface_control",14,"intact","INT2","5","surface","control","INT2_5","INT2_5_surface",0.073170732,0.707317073,164.0625,0.0853333333333333,-2.46119012317068
"172","INT2_5_surface_oven",9,"intact","INT2","5","surface","oven","INT2_5","INT2_5_surface",0.073170732,0.707317073,164.0625,0.0548571428571429,-2.90302287544972
"173","INT2_5_surface_ovenchar",6,"intact","INT2","5","surface","ovenchar","INT2_5","INT2_5_surface",0.073170732,0.707317073,164.0625,0.0365714285714286,-3.30848798355789
"174","INT2_6_deep_charate",14,"intact","INT2","6","deep","charate","INT2_6","INT2_6_deep",0.073170732,0.707317073,371.875,0.0376470588235294,-3.27950044668464
"175","INT2_6_deep_control",18,"intact","INT2","6","deep","control","INT2_6","INT2_6_deep",0.073170732,0.707317073,371.875,0.0484033613445378,-3.02818601840373
"176","INT2_6_deep_oven",15,"intact","INT2","6","deep","oven","INT2_6","INT2_6_deep",0.073170732,0.707317073,371.875,0.0403361344537815,-3.21050757519768
"177","INT2_6_deep_ovenchar",16,"intact","INT2","6","deep","ovenchar","INT2_6","INT2_6_deep",0.073170732,0.707317073,371.875,0.0430252100840336,-3.14596905406011
"178","INT2_6_surface_charate",21,"intact","INT2","6","surface","charate","INT2_6","INT2_6_surface",0.073170732,0.707317073,218.75,0.096,-2.3434070875143
"179","INT2_6_surface_control",16,"intact","INT2","6","surface","control","INT2_6","INT2_6_surface",0.073170732,0.707317073,218.75,0.0731428571428571,-2.61534080299794
"180","INT2_6_surface_oven",28,"intact","INT2","6","surface","oven","INT2_6","INT2_6_surface",0.073170732,0.707317073,218.75,0.128,-2.05572501506252
"181","INT2_6_surface_ovenchar",21,"intact","INT2","6","surface","ovenchar","INT2_6","INT2_6_surface",0.073170732,0.707317073,218.75,0.096,-2.3434070875143
"182","INT3_7_deep_charate",9,"intact","INT3","7","deep","charate","INT3_7","INT3_7_deep",0.12195122,0.951219512,371.875,0.0242016806722689,-3.72133319896367
"183","INT3_7_deep_control",2,"intact","INT3","7","deep","control","INT3_7","INT3_7_deep",0.12195122,0.951219512,371.875,0.0053781512605042,-5.22541059573995
"184","INT3_7_deep_oven",10,"intact","INT3","7","deep","oven","INT3_7","INT3_7_deep",0.12195122,0.951219512,371.875,0.026890756302521,-3.61597268330585
"185","INT3_7_deep_ovenchar",8,"intact","INT3","7","deep","ovenchar","INT3_7","INT3_7_deep",0.12195122,0.951219512,371.875,0.0215126050420168,-3.83911623462006
"186","INT3_7_surface_charate",25,"intact","INT3","7","surface","charate","INT3_7","INT3_7_surface",0.12195122,0.951219512,218.75,0.114285714285714,-2.16905370036952
"187","INT3_7_surface_control",31,"intact","INT3","7","surface","control","INT3_7","INT3_7_surface",0.12195122,0.951219512,218.75,0.141714285714286,-1.95394232075258
"188","INT3_7_surface_oven",27,"intact","INT3","7","surface","oven","INT3_7","INT3_7_surface",0.12195122,0.951219512,218.75,0.123428571428571,-2.09209265923339
"189","INT3_7_surface_ovenchar",19,"intact","INT3","7","surface","ovenchar","INT3_7","INT3_7_surface",0.12195122,0.951219512,218.75,0.0868571428571429,-2.44349054607128
"190","INT3_8_deep_charate",7,"intact","INT3","8","deep","charate","INT3_8","INT3_8_deep",0.12195122,0.951219512,371.875,0.0188235294117647,-3.97264762724458
"191","INT3_8_deep_control",8,"intact","INT3","8","deep","control","INT3_8","INT3_8_deep",0.12195122,0.951219512,371.875,0.0215126050420168,-3.83911623462006
"192","INT3_8_deep_oven",5,"intact","INT3","8","deep","oven","INT3_8","INT3_8_deep",0.12195122,0.951219512,371.875,0.0134453781512605,-4.30911986386579
"193","INT3_8_deep_ovenchar",10,"intact","INT3","8","deep","ovenchar","INT3_8","INT3_8_deep",0.12195122,0.951219512,371.875,0.026890756302521,-3.61597268330585
"194","INT3_8_surface_charate",8,"intact","INT3","8","surface","charate","INT3_8","INT3_8_surface",0.12195122,0.951219512,164.0625,0.0487619047619048,-3.02080591110611
"195","INT3_8_surface_control",10,"intact","INT3","8","surface","control","INT3_8","INT3_8_surface",0.12195122,0.951219512,164.0625,0.060952380952381,-2.7976623597919
"196","INT3_8_surface_oven",5,"intact","INT3","8","surface","oven","INT3_8","INT3_8_surface",0.12195122,0.951219512,164.0625,0.0304761904761905,-3.49080954035184
"197","INT3_8_surface_ovenchar",20,"intact","INT3","8","surface","ovenchar","INT3_8","INT3_8_surface",0.12195122,0.951219512,164.0625,0.121904761904762,-2.10451517923195
"198","INT3_9_deep_charate",4,"intact","INT3","9","deep","charate","INT3_9","INT3_9_deep",0.12195122,0.951219512,371.875,0.0107563025210084,-4.53226341518
"199","INT3_9_deep_control",3,"intact","INT3","9","deep","control","INT3_9","INT3_9_deep",0.12195122,0.951219512,371.875,0.0080672268907563,-4.81994548763178
"200","INT3_9_deep_oven",5,"intact","INT3","9","deep","oven","INT3_9","INT3_9_deep",0.12195122,0.951219512,371.875,0.0134453781512605,-4.30911986386579
"201","INT3_9_deep_ovenchar",14,"intact","INT3","9","deep","ovenchar","INT3_9","INT3_9_deep",0.12195122,0.951219512,371.875,0.0376470588235294,-3.27950044668464
"202","INT3_9_surface_charate",18,"intact","INT3","9","surface","charate","INT3_9","INT3_9_surface",0.12195122,0.951219512,164.0625,0.109714285714286,-2.20987569488978
"203","INT3_9_surface_control",11,"intact","INT3","9","surface","control","INT3_9","INT3_9_surface",0.12195122,0.951219512,164.0625,0.067047619047619,-2.70235217998757
"204","INT3_9_surface_oven",30,"intact","INT3","9","surface","oven","INT3_9","INT3_9_surface",0.12195122,0.951219512,164.0625,0.182857142857143,-1.69905007112379
"205","INT3_9_surface_ovenchar",17,"intact","INT3","9","surface","ovenchar","INT3_9","INT3_9_surface",0.12195122,0.951219512,164.0625,0.103619047619048,-2.26703410872973
